Genus,Species,Center Lat,Center Long,C-Square Code,Overall Probability
Atherina,boyeri,52.75,-10.25,7501:120:3,0.04
Atherina,boyeri,52.25,-10.75,7501:120:2,0.14
Atherina,boyeri,52.25,-10.25,7501:120:1,0.04
Atherina,boyeri,51.75,-10.75,7501:110:4,0.02
Atherina,boyeri,51.75,-10.25,7501:110:3,0.03
Atherina,boyeri,52.75,-9.75,7500:229:4,0.08
Atherina,boyeri,52.75,-9.25,7500:229:3,0.04
Atherina,boyeri,52.25,-9.75,7500:229:2,0.04
Atherina,boyeri,52.25,-7.75,7500:227:2,0.06
Atherina,boyeri,52.25,-7.25,7500:227:1,0.04
Atherina,boyeri,51.75,-9.25,7500:219:3,0.10
Atherina,boyeri,51.25,-9.75,7500:219:2,0.18
Atherina,boyeri,51.75,-8.75,7500:218:4,0.13
Atherina,boyeri,51.75,-8.25,7500:218:3,0.11
Atherina,boyeri,51.75,-7.75,7500:217:4,0.15
Atherina,boyeri,51.75,-7.25,7500:217:3,0.04
Atherina,boyeri,51.75,-5.75,7500:215:4,0.03
Atherina,boyeri,51.75,-5.25,7500:215:3,0.04
Atherina,boyeri,50.25,-9.25,7500:209:1,0.02
Atherina,boyeri,52.25,-4.25,7500:124:1,0.02
Atherina,boyeri,51.75,-4.75,7500:114:4,0.09
Atherina,boyeri,51.75,-4.25,7500:114:3,0.10
Atherina,boyeri,51.25,-4.25,7500:114:1,0.18
Atherina,boyeri,51.75,-3.75,7500:113:4,0.10
Atherina,boyeri,51.75,-3.25,7500:113:3,0.09
Atherina,boyeri,51.25,-3.75,7500:113:2,0.14
Atherina,boyeri,51.75,-2.75,7500:112:4,0.08
Atherina,boyeri,51.25,-2.75,7500:112:2,0.19
Atherina,boyeri,50.25,-0.25,7500:100:1,0.16
Atherina,boyeri,48.25,-6.25,7400:486:1,0.15
Atherina,boyeri,46.25,-4.25,7400:364:1,0.08
Atherina,boyeri,40.25,-9.25,7400:209:1,0.08
Atherina,boyeri,44.75,-1.75,7400:141:4,0.12
Atherina,boyeri,43.75,-4.25,7400:134:3,0.12
Atherina,boyeri,32.25,-16.25,7301:226:1,0.08
Atherina,boyeri,25.75,-15.25,7201:455:3,0.17
Atherina,boyeri,21.75,-17.25,7201:217:3,0.01
Atherina,boyeri,20.75,-17.75,7201:207:4,0.07
Atherina,boyeri,20.75,-17.25,7201:207:3,0.03
Atherina,boyeri,52.25,4.25,1500:124:1,0.02
Atherina,boyeri,52.25,3.75,1500:123:2,0.05
Atherina,boyeri,52.25,3.25,1500:123:1,0.08
Atherina,boyeri,52.25,2.75,1500:122:2,0.07
Atherina,boyeri,51.75,4.75,1500:114:4,0.08
Atherina,boyeri,51.75,4.25,1500:114:3,0.03
Atherina,boyeri,51.75,3.75,1500:113:4,0.06
Atherina,boyeri,51.75,3.25,1500:113:3,0.13
Atherina,boyeri,51.75,2.75,1500:112:4,0.19
Atherina,boyeri,51.75,2.25,1500:112:3,0.18
Atherina,boyeri,51.75,1.75,1500:111:4,0.14
Atherina,boyeri,51.75,1.25,1500:111:3,0.08
Atherina,boyeri,51.75,0.75,1500:110:4,0.01
Atherina,boyeri,51.25,0.75,1500:110:2,0.16
Atherina,boyeri,50.25,0.25,1500:100:1,0.19
Atherina,boyeri,43.25,41.25,1404:131:1,0.06
Atherina,boyeri,47.25,37.75,1403:477:2,0.18
Atherina,boyeri,47.25,37.25,1403:477:1,0.10
Atherina,boyeri,46.75,36.25,1403:466:3,0.18
Atherina,boyeri,46.75,35.75,1403:465:4,0.11
Atherina,boyeri,46.75,35.25,1403:465:3,0.01
Atherina,boyeri,46.25,35.25,1403:465:1,0.13
Atherina,boyeri,46.25,34.75,1403:364:2,0.01
Atherina,boyeri,46.25,33.75,1403:363:2,0.11
Atherina,boyeri,46.25,33.25,1403:363:1,0.14
Atherina,boyeri,46.75,32.25,1403:362:3,0.14
Atherina,boyeri,46.25,32.75,1403:362:2,0.17
Atherina,boyeri,46.75,31.75,1403:361:4,0.15
Atherina,boyeri,46.75,31.25,1403:361:3,0.16
Atherina,boyeri,46.75,30.75,1403:360:4,0.17
Atherina,boyeri,45.75,34.75,1403:354:4,0.14
Atherina,boyeri,45.75,33.75,1403:353:4,0.15
Atherina,boyeri,45.75,33.25,1403:353:3,0.15
Atherina,boyeri,45.75,32.75,1403:352:4,0.15
Atherina,boyeri,45.25,31.75,1403:351:2,0.01
Atherina,boyeri,45.25,31.25,1403:351:1,0.08
Atherina,boyeri,45.75,30.25,1403:350:3,0.19
Atherina,boyeri,45.25,30.25,1403:350:1,0.17
Atherina,boyeri,44.25,33.25,1403:143:1,0.02
Atherina,boyeri,44.75,30.75,1403:140:4,0.01
Atherina,boyeri,44.75,30.25,1403:140:3,0.05
Atherina,boyeri,45.75,29.75,1402:459:4,0.08
Atherina,boyeri,45.25,29.75,1402:459:2,0.01
Atherina,boyeri,44.75,29.75,1402:249:4,0.01
Atherina,boyeri,44.25,29.75,1402:249:2,0.02
Atherina,boyeri,44.25,28.75,1402:248:2,0.09
Atherina,boyeri,44.75,13.25,1401:143:3,0.04
Atherina,boyeri,43.25,14.75,1401:134:2,0.04
Atherina,boyeri,41.75,11.75,1401:111:4,0.08
Atherina,boyeri,36.25,35.25,1303:465:1,0.01
Atherina,boyeri,35.75,35.75,1303:455:4,0.12
Atherina,boyeri,35.25,35.75,1303:455:2,0.10
Atherina,boyeri,36.75,34.75,1303:364:4,0.10
Atherina,boyeri,36.25,34.25,1303:364:1,0.05
Atherina,boyeri,36.25,33.75,1303:363:2,0.05
Atherina,boyeri,36.25,33.25,1303:363:1,0.10
Atherina,boyeri,36.25,32.75,1303:362:2,0.10
Atherina,boyeri,36.25,32.25,1303:362:1,0.03
Atherina,boyeri,36.75,31.25,1303:361:3,0.03
Atherina,boyeri,36.75,30.75,1303:360:4,0.04
Atherina,boyeri,36.25,30.75,1303:360:2,0.02
Atherina,boyeri,36.25,30.25,1303:360:1,0.01
Atherina,boyeri,35.75,34.75,1303:354:4,0.05
Atherina,boyeri,35.75,34.25,1303:354:3,0.04
Atherina,boyeri,35.25,34.25,1303:354:1,0.03
Atherina,boyeri,35.25,33.75,1303:353:2,0.04
Atherina,boyeri,35.25,33.25,1303:353:1,0.03
Atherina,boyeri,34.75,35.75,1303:245:4,0.11
Atherina,boyeri,33.75,35.25,1303:235:3,0.17
Atherina,boyeri,34.75,34.25,1303:144:3,0.05
Atherina,boyeri,34.75,33.75,1303:143:4,0.04
Atherina,boyeri,34.75,33.25,1303:143:3,0.05
Atherina,boyeri,34.75,32.75,1303:142:4,0.03
Atherina,boyeri,34.75,32.25,1303:142:3,0.03
Atherina,boyeri,31.75,33.25,1303:113:3,0.06
Atherina,boyeri,36.25,29.75,1302:469:2,0.01
Atherina,boyeri,36.25,29.25,1302:469:1,0.03
Atherina,boyeri,36.75,28.75,1302:468:4,0.04
Atherina,boyeri,36.75,28.25,1302:468:3,0.02
Atherina,boyeri,36.25,28.25,1302:468:1,0.02
Atherina,boyeri,36.75,27.75,1302:467:4,0.04
Atherina,boyeri,36.75,27.25,1302:467:3,0.10
Atherina,boyeri,36.25,27.75,1302:467:2,0.08
Atherina,boyeri,36.25,27.25,1302:467:1,0.18
Atherina,boyeri,35.75,27.75,1302:457:4,0.08
Atherina,boyeri,35.25,10.75,1301:350:2,0.18
Atherina,boyeri,51.25,-9.25,7500:219:1,0.20
Atherina,boyeri,50.25,-5.75,7500:205:2,0.30
Atherina,boyeri,50.25,-5.25,7500:205:1,0.33
Atherina,boyeri,51.25,-4.75,7500:114:2,0.23
Atherina,boyeri,51.25,-3.25,7500:113:1,0.20
Atherina,boyeri,50.75,-4.75,7500:104:4,0.34
Atherina,boyeri,50.25,-4.25,7500:104:1,0.39
Atherina,boyeri,50.75,-3.25,7500:103:3,0.27
Atherina,boyeri,50.25,-3.75,7500:103:2,0.35
Atherina,boyeri,50.25,-3.25,7500:103:1,0.35
Atherina,boyeri,50.75,-2.75,7500:102:4,0.28
Atherina,boyeri,50.75,-2.25,7500:102:3,0.28
Atherina,boyeri,50.25,-2.75,7500:102:2,0.24
Atherina,boyeri,50.25,-2.25,7500:102:1,0.35
Atherina,boyeri,50.75,-1.75,7500:101:4,0.29
Atherina,boyeri,50.75,-1.25,7500:101:3,0.31
Atherina,boyeri,50.25,-1.75,7500:101:2,0.37
Atherina,boyeri,50.25,-1.25,7500:101:1,0.36
Atherina,boyeri,50.75,-0.75,7500:100:4,0.31
Atherina,boyeri,50.75,-0.25,7500:100:3,0.29
Atherina,boyeri,50.25,-0.75,7500:100:2,0.24
Atherina,boyeri,49.75,-10.75,7401:390:4,0.32
Atherina,boyeri,49.75,-8.75,7400:498:4,0.28
Atherina,boyeri,46.25,-2.75,7400:362:2,0.29
Atherina,boyeri,33.75,-8.25,7300:238:3,0.21
Atherina,boyeri,25.25,-16.25,7201:456:1,0.29
Atherina,boyeri,27.25,-13.75,7201:373:2,0.25
Atherina,boyeri,22.25,-17.25,7201:227:1,0.29
Atherina,boyeri,21.75,-16.75,7201:216:4,0.24
Atherina,boyeri,20.25,-16.25,7201:206:1,0.36
Atherina,boyeri,51.25,4.25,1500:114:1,0.21
Atherina,boyeri,51.25,3.75,1500:113:2,0.20
Atherina,boyeri,51.25,3.25,1500:113:1,0.21
Atherina,boyeri,51.25,2.75,1500:112:2,0.23
Atherina,boyeri,51.25,2.25,1500:112:1,0.26
Atherina,boyeri,51.25,1.75,1500:111:2,0.24
Atherina,boyeri,51.25,1.25,1500:111:1,0.20
Atherina,boyeri,50.75,1.75,1500:101:4,0.30
Atherina,boyeri,50.75,1.25,1500:101:3,0.29
Atherina,boyeri,50.25,1.75,1500:101:2,0.39
Atherina,boyeri,50.25,1.25,1500:101:1,0.36
Atherina,boyeri,50.75,0.75,1500:100:4,0.29
Atherina,boyeri,50.75,0.25,1500:100:3,0.28
Atherina,boyeri,50.25,0.75,1500:100:2,0.23
Atherina,boyeri,43.25,40.75,1404:130:2,0.30
Atherina,boyeri,43.25,40.25,1404:130:1,0.31
Atherina,boyeri,42.75,41.75,1404:121:4,0.35
Atherina,boyeri,42.75,41.25,1404:121:3,0.31
Atherina,boyeri,42.25,41.75,1404:121:2,0.36
Atherina,boyeri,42.75,40.75,1404:120:4,0.26
Atherina,boyeri,41.75,41.75,1404:111:4,0.37
Atherina,boyeri,41.25,41.25,1404:111:1,0.33
Atherina,boyeri,41.25,40.75,1404:110:2,0.31
Atherina,boyeri,41.25,40.25,1404:110:1,0.31
Atherina,boyeri,47.25,39.25,1403:479:1,0.28
Atherina,boyeri,47.25,38.75,1403:478:2,0.24
Atherina,boyeri,47.25,38.25,1403:478:1,0.20
Atherina,boyeri,46.75,38.75,1403:468:4,0.26
Atherina,boyeri,46.75,38.25,1403:468:3,0.21
Atherina,boyeri,46.25,38.75,1403:468:2,0.26
Atherina,boyeri,46.25,38.25,1403:468:1,0.24
Atherina,boyeri,46.75,37.75,1403:467:4,0.22
Atherina,boyeri,46.75,37.25,1403:467:3,0.21
Atherina,boyeri,46.25,37.75,1403:467:2,0.24
Atherina,boyeri,46.25,37.25,1403:467:1,0.25
Atherina,boyeri,46.75,36.75,1403:466:4,0.22
Atherina,boyeri,46.25,36.75,1403:466:2,0.25
Atherina,boyeri,46.25,36.25,1403:466:1,0.26
Atherina,boyeri,46.25,35.75,1403:465:2,0.20
Atherina,boyeri,45.75,37.75,1403:457:4,0.25
Atherina,boyeri,45.75,37.25,1403:457:3,0.24
Atherina,boyeri,45.25,37.75,1403:457:2,0.25
Atherina,boyeri,45.25,37.25,1403:457:1,0.24
Atherina,boyeri,45.75,36.75,1403:456:4,0.25
Atherina,boyeri,45.75,36.25,1403:456:3,0.26
Atherina,boyeri,45.25,36.75,1403:456:2,0.25
Atherina,boyeri,45.25,36.25,1403:456:1,0.27
Atherina,boyeri,45.75,35.75,1403:455:4,0.26
Atherina,boyeri,45.75,35.25,1403:455:3,0.26
Atherina,boyeri,45.25,35.75,1403:455:2,0.27
Atherina,boyeri,45.25,35.25,1403:455:1,0.27
Atherina,boyeri,46.25,32.25,1403:362:1,0.20
Atherina,boyeri,46.25,31.75,1403:361:2,0.23
Atherina,boyeri,46.25,31.25,1403:361:1,0.23
Atherina,boyeri,46.25,30.75,1403:360:2,0.23
Atherina,boyeri,46.25,30.25,1403:360:1,0.22
Atherina,boyeri,45.25,33.75,1403:353:2,0.25
Atherina,boyeri,45.25,33.25,1403:353:1,0.29
Atherina,boyeri,45.75,32.25,1403:352:3,0.24
Atherina,boyeri,45.25,32.75,1403:352:2,0.29
Atherina,boyeri,45.75,31.75,1403:351:4,0.26
Atherina,boyeri,45.75,31.25,1403:351:3,0.26
Atherina,boyeri,45.75,30.75,1403:350:4,0.24
Atherina,boyeri,45.25,30.75,1403:350:2,0.26
Atherina,boyeri,44.25,39.25,1403:249:1,0.30
Atherina,boyeri,44.75,38.25,1403:248:3,0.28
Atherina,boyeri,44.25,38.75,1403:248:2,0.31
Atherina,boyeri,44.25,38.25,1403:248:1,0.31
Atherina,boyeri,44.75,37.75,1403:247:4,0.26
Atherina,boyeri,44.75,37.25,1403:247:3,0.22
Atherina,boyeri,44.75,36.75,1403:246:4,0.26
Atherina,boyeri,44.75,36.25,1403:246:3,0.28
Atherina,boyeri,44.75,35.75,1403:245:4,0.29
Atherina,boyeri,44.75,35.25,1403:245:3,0.29
Atherina,boyeri,43.75,39.75,1403:239:4,0.31
Atherina,boyeri,43.75,39.25,1403:239:3,0.27
Atherina,boyeri,43.25,39.75,1403:239:2,0.31
Atherina,boyeri,42.25,35.25,1403:225:1,0.31
Atherina,boyeri,41.25,39.75,1403:219:2,0.31
Atherina,boyeri,41.25,39.25,1403:219:1,0.31
Atherina,boyeri,41.25,38.75,1403:218:2,0.31
Atherina,boyeri,41.25,38.25,1403:218:1,0.31
Atherina,boyeri,41.25,37.75,1403:217:2,0.31
Atherina,boyeri,41.25,37.25,1403:217:1,0.31
Atherina,boyeri,41.75,36.25,1403:216:3,0.31
Atherina,boyeri,41.25,36.75,1403:216:2,0.36
Atherina,boyeri,41.25,36.25,1403:216:1,0.39
Atherina,boyeri,41.75,35.75,1403:215:4,0.30
Atherina,boyeri,41.75,35.25,1403:215:3,0.30
Atherina,boyeri,44.75,34.75,1403:144:4,0.30
Atherina,boyeri,44.75,34.25,1403:144:3,0.29
Atherina,boyeri,44.25,34.25,1403:144:1,0.31
Atherina,boyeri,44.75,33.75,1403:143:4,0.29
Atherina,boyeri,44.75,33.25,1403:143:3,0.30
Atherina,boyeri,44.25,33.75,1403:143:2,0.30
Atherina,boyeri,42.25,34.75,1403:124:2,0.31
Atherina,boyeri,42.25,34.25,1403:124:1,0.30
Atherina,boyeri,42.25,33.75,1403:123:2,0.31
Atherina,boyeri,42.25,33.25,1403:123:1,0.31
Atherina,boyeri,41.75,34.75,1403:114:4,0.34
Atherina,boyeri,41.75,34.25,1403:114:3,0.36
Atherina,boyeri,41.75,33.25,1403:113:3,0.35
Atherina,boyeri,41.75,32.75,1403:112:4,0.34
Atherina,boyeri,41.75,32.25,1403:112:3,0.31
Atherina,boyeri,41.75,31.75,1403:111:4,0.31
Atherina,boyeri,41.25,31.75,1403:111:2,0.37
Atherina,boyeri,41.25,31.25,1403:111:1,0.31
Atherina,boyeri,41.25,30.75,1403:110:2,0.30
Atherina,boyeri,41.25,30.25,1403:110:1,0.30
Atherina,boyeri,43.75,29.75,1402:239:4,0.26
Atherina,boyeri,43.75,28.75,1402:238:4,0.20
Atherina,boyeri,43.25,28.75,1402:238:2,0.25
Atherina,boyeri,43.25,28.25,1402:238:1,0.23
Atherina,boyeri,43.25,27.75,1402:237:2,0.24
Atherina,boyeri,42.75,28.25,1402:228:3,0.25
Atherina,boyeri,42.25,28.25,1402:228:1,0.27
Atherina,boyeri,42.75,27.75,1402:227:4,0.25
Atherina,boyeri,42.25,27.75,1402:227:2,0.25
Atherina,boyeri,41.25,29.75,1402:219:2,0.30
Atherina,boyeri,41.25,29.25,1402:219:1,0.31
Atherina,boyeri,41.75,28.25,1402:218:3,0.27
Atherina,boyeri,41.25,28.75,1402:218:2,0.37
Atherina,boyeri,45.25,12.25,1401:352:1,0.22
Atherina,boyeri,40.25,3.25,1400:103:1,0.25
Atherina,boyeri,40.75,1.25,1400:101:3,0.38
Atherina,boyeri,36.75,35.75,1303:465:4,0.25
Atherina,boyeri,36.75,35.25,1303:465:3,0.25
Atherina,boyeri,36.25,35.75,1303:465:2,0.20
Atherina,boyeri,34.25,35.75,1303:245:2,0.23
Atherina,boyeri,33.75,35.75,1303:235:4,0.31
Atherina,boyeri,33.25,35.25,1303:235:1,0.28
Atherina,boyeri,32.75,35.25,1303:225:3,0.31
Atherina,boyeri,32.75,34.75,1303:124:4,0.34
Atherina,boyeri,31.75,34.75,1303:114:4,0.35
Atherina,boyeri,31.25,34.25,1303:114:1,0.34
Atherina,boyeri,31.25,33.75,1303:113:2,0.37
Atherina,boyeri,31.25,33.25,1303:113:1,0.38
Atherina,boyeri,31.75,32.75,1303:112:4,0.34
Atherina,boyeri,37.25,27.25,1302:477:1,0.24
Atherina,boyeri,37.25,26.75,1302:476:2,0.28
Atherina,boyeri,36.75,26.75,1302:466:4,0.26
Atherina,boyeri,36.25,26.75,1302:466:2,0.37
Atherina,boyeri,35.75,27.25,1302:457:3,0.20
Atherina,boyeri,35.25,27.25,1302:457:1,0.24
Atherina,boyeri,35.25,26.75,1302:456:2,0.38
Atherina,boyeri,34.75,25.25,1302:245:3,0.37
Atherina,boyeri,31.25,29.25,1302:219:1,0.39
Atherina,boyeri,31.75,26.75,1302:216:4,0.28
Atherina,boyeri,31.75,26.25,1302:216:3,0.30
Atherina,boyeri,31.75,25.75,1302:215:4,0.35
Atherina,boyeri,31.75,25.25,1302:215:3,0.39
Atherina,boyeri,30.75,29.25,1302:209:3,0.34
Atherina,boyeri,36.25,10.25,1301:360:1,0.20
Atherina,boyeri,34.75,12.75,1301:142:4,0.37
Atherina,boyeri,33.25,13.25,1301:133:1,0.33
Atherina,boyeri,50.25,-6.25,7500:206:1,0.40
Atherina,boyeri,50.75,-5.25,7500:205:3,0.41
Atherina,boyeri,50.25,-4.75,7500:104:2,0.41
Atherina,boyeri,49.25,-10.75,7401:390:2,0.44
Atherina,boyeri,49.75,-6.25,7400:496:3,0.49
Atherina,boyeri,49.75,-5.25,7400:495:3,0.50
Atherina,boyeri,48.75,-5.25,7400:485:3,0.52
Atherina,boyeri,49.25,-3.75,7400:393:2,0.53
Atherina,boyeri,49.25,-3.25,7400:393:1,0.55
Atherina,boyeri,49.75,-2.75,7400:392:4,0.43
Atherina,boyeri,49.75,-2.25,7400:392:3,0.43
Atherina,boyeri,49.25,-2.75,7400:392:2,0.52
Atherina,boyeri,49.25,-2.25,7400:392:1,0.53
Atherina,boyeri,49.75,-1.75,7400:391:4,0.43
Atherina,boyeri,49.75,-1.25,7400:391:3,0.43
Atherina,boyeri,49.25,-1.75,7400:391:2,0.53
Atherina,boyeri,49.25,-1.25,7400:391:1,0.51
Atherina,boyeri,49.75,-0.75,7400:390:4,0.42
Atherina,boyeri,49.75,-0.25,7400:390:3,0.42
Atherina,boyeri,49.25,-0.75,7400:390:2,0.49
Atherina,boyeri,49.25,-0.25,7400:390:1,0.47
Atherina,boyeri,48.75,-4.75,7400:384:4,0.40
Atherina,boyeri,48.75,-4.25,7400:384:3,0.41
Atherina,boyeri,48.25,-4.75,7400:384:2,0.55
Atherina,boyeri,48.25,-4.25,7400:384:1,0.57
Atherina,boyeri,48.75,-3.75,7400:383:4,0.48
Atherina,boyeri,48.75,-3.25,7400:383:3,0.55
Atherina,boyeri,48.75,-2.75,7400:382:4,0.56
Atherina,boyeri,48.75,-2.25,7400:382:3,0.57
Atherina,boyeri,47.75,-2.25,7400:372:3,0.44
Atherina,boyeri,44.75,-2.25,7400:142:3,0.42
Atherina,boyeri,31.25,-10.25,7301:110:1,0.58
Atherina,boyeri,30.75,-10.25,7301:100:3,0.42
Atherina,boyeri,32.25,-9.75,7300:229:2,0.54
Atherina,boyeri,23.75,-16.75,7201:236:4,0.46
Atherina,boyeri,22.75,-16.75,7201:226:4,0.56
Atherina,boyeri,22.25,-16.75,7201:226:2,0.41
Atherina,boyeri,20.75,-16.25,7201:206:3,0.46
Atherina,boyeri,40.75,40.25,1404:100:3,0.41
Atherina,boyeri,40.75,38.75,1403:208:4,0.45
Atherina,boyeri,40.75,38.25,1403:208:3,0.45
Atherina,boyeri,41.25,28.25,1402:218:1,0.41
Atherina,boyeri,41.25,27.75,1402:217:2,0.48
Atherina,boyeri,40.75,29.75,1402:209:4,0.42
Atherina,boyeri,40.75,29.25,1402:209:3,0.57
Atherina,boyeri,40.75,28.75,1402:208:4,0.46
Atherina,boyeri,40.75,28.25,1402:208:3,0.54
Atherina,boyeri,40.75,19.75,1401:209:4,0.40
Atherina,boyeri,44.75,12.75,1401:142:4,0.43
Atherina,boyeri,43.75,14.25,1401:134:3,0.46
Atherina,boyeri,42.25,12.25,1401:122:1,0.40
Atherina,boyeri,49.75,1.25,1400:391:3,0.47
Atherina,boyeri,49.75,0.75,1400:390:4,0.44
Atherina,boyeri,49.75,0.25,1400:390:3,0.41
Atherina,boyeri,49.25,0.25,1400:390:1,0.52
Atherina,boyeri,36.75,34.25,1303:364:3,0.54
Atherina,boyeri,34.75,36.25,1303:246:3,0.49
Atherina,boyeri,32.25,34.75,1303:124:2,0.42
Atherina,boyeri,31.75,34.25,1303:114:3,0.41
Atherina,boyeri,31.75,32.25,1303:112:3,0.49
Atherina,boyeri,31.25,32.75,1303:112:2,0.40
Atherina,boyeri,31.25,32.25,1303:112:1,0.47
Atherina,boyeri,31.75,31.75,1303:111:4,0.51
Atherina,boyeri,31.75,31.25,1303:111:3,0.53
Atherina,boyeri,31.25,31.75,1303:111:2,0.50
Atherina,boyeri,31.75,30.75,1303:110:4,0.54
Atherina,boyeri,31.75,30.25,1303:110:3,0.55
Atherina,boyeri,31.25,30.75,1303:110:2,0.54
Atherina,boyeri,31.25,30.25,1303:110:1,0.55
Atherina,boyeri,37.25,26.25,1302:476:1,0.47
Atherina,boyeri,36.75,29.25,1302:469:3,0.52
Atherina,boyeri,36.75,26.25,1302:466:3,0.48
Atherina,boyeri,36.25,26.25,1302:466:1,0.59
Atherina,boyeri,34.75,26.25,1302:246:3,0.42
Atherina,boyeri,32.25,25.25,1302:225:1,0.40
Atherina,boyeri,31.25,29.75,1302:219:2,0.56
Atherina,boyeri,31.25,28.75,1302:218:2,0.48
Atherina,boyeri,30.75,28.75,1302:208:4,0.46
Atherina,boyeri,34.75,24.75,1302:144:4,0.42
Atherina,boyeri,34.75,24.25,1302:144:3,0.51
Atherina,boyeri,32.25,24.75,1302:124:2,0.50
Atherina,boyeri,32.25,24.25,1302:124:1,0.59
Atherina,boyeri,37.25,12.75,1301:372:2,0.40
Atherina,boyeri,31.25,18.25,1301:218:1,0.54
Atherina,boyeri,34.25,11.75,1301:141:2,0.53
Atherina,boyeri,33.75,12.25,1301:132:3,0.43
Atherina,boyeri,49.75,-10.25,7401:390:3,0.64
Atherina,boyeri,49.25,-10.25,7401:390:1,0.73
Atherina,boyeri,49.75,-9.25,7400:499:3,0.60
Atherina,boyeri,49.25,-8.75,7400:498:2,0.74
Atherina,boyeri,48.25,-6.75,7400:486:2,0.72
Atherina,boyeri,48.25,-5.25,7400:485:1,0.61
Atherina,boyeri,48.75,-1.75,7400:381:4,0.61
Atherina,boyeri,48.75,-1.25,7400:381:3,0.60
Atherina,boyeri,47.25,-2.25,7400:372:1,0.62
Atherina,boyeri,46.25,-2.25,7400:362:1,0.79
Atherina,boyeri,45.75,-1.75,7400:351:4,0.79
Atherina,boyeri,42.75,-8.75,7400:228:4,0.60
Atherina,boyeri,33.25,-16.25,7301:236:1,0.66
Atherina,boyeri,32.75,-17.25,7301:227:3,0.68
Atherina,boyeri,32.75,-16.75,7301:226:4,0.67
Atherina,boyeri,32.75,-16.25,7301:226:3,0.66
Atherina,boyeri,30.25,-15.75,7301:205:2,0.70
Atherina,boyeri,28.75,-17.75,7201:487:4,0.61
Atherina,boyeri,28.25,-17.75,7201:487:2,0.63
Atherina,boyeri,28.25,-17.25,7201:487:1,0.63
Atherina,boyeri,28.75,-16.25,7201:486:3,0.63
Atherina,boyeri,28.25,-16.75,7201:486:2,0.65
Atherina,boyeri,28.25,-16.25,7201:486:1,0.68
Atherina,boyeri,28.25,-15.75,7201:485:2,0.68
Atherina,boyeri,28.25,-15.25,7201:485:1,0.70
Atherina,boyeri,27.75,-17.75,7201:477:4,0.61
Atherina,boyeri,27.75,-15.75,7201:475:4,0.73
Atherina,boyeri,29.25,-13.75,7201:393:2,0.77
Atherina,boyeri,28.75,-14.25,7201:384:3,0.72
Atherina,boyeri,28.25,-14.75,7201:384:2,0.70
Atherina,boyeri,28.75,-13.25,7201:383:3,0.79
Atherina,boyeri,28.75,-12.75,7201:382:4,0.71
Atherina,boyeri,22.75,-17.25,7201:227:3,0.75
Atherina,boyeri,40.25,29.25,1402:209:1,0.63
Atherina,boyeri,40.25,28.75,1402:208:2,0.68
Atherina,boyeri,40.25,28.25,1402:208:1,0.74
Atherina,boyeri,40.75,27.75,1402:207:4,0.62
Atherina,boyeri,40.75,27.25,1402:207:3,0.67
Atherina,boyeri,40.75,26.75,1402:206:4,0.75
Atherina,boyeri,45.75,12.75,1401:352:4,0.74
Atherina,boyeri,45.25,12.75,1401:352:2,0.76
Atherina,boyeri,44.25,12.25,1401:142:1,0.74
Atherina,boyeri,42.25,10.25,1401:120:1,0.79
Atherina,boyeri,36.75,36.25,1303:466:3,0.66
Atherina,boyeri,36.25,36.25,1303:466:1,0.61
Atherina,boyeri,36.75,32.25,1303:362:3,0.62
Atherina,boyeri,36.75,31.75,1303:361:4,0.60
Atherina,boyeri,37.25,27.75,1302:477:2,0.71
Atherina,boyeri,37.75,26.75,1302:476:4,0.62
Atherina,boyeri,37.75,26.25,1302:476:3,0.75
Atherina,boyeri,35.75,26.25,1302:456:3,0.65
Atherina,boyeri,35.25,26.25,1302:456:1,0.65
Atherina,boyeri,35.25,25.75,1302:455:2,0.73
Atherina,boyeri,35.25,25.25,1302:455:1,0.79
Atherina,boyeri,35.25,24.25,1302:354:1,0.75
Atherina,boyeri,35.25,23.75,1302:353:2,0.76
Atherina,boyeri,31.25,28.25,1302:218:1,0.62
Atherina,boyeri,31.25,27.75,1302:217:2,0.62
Atherina,boyeri,31.25,27.25,1302:217:1,0.63
Atherina,boyeri,31.25,26.75,1302:216:2,0.63
Atherina,boyeri,32.75,23.25,1302:123:3,0.74
Atherina,boyeri,32.25,23.75,1302:123:2,0.65
Atherina,boyeri,32.25,23.25,1302:123:1,0.70
Atherina,boyeri,32.75,22.75,1302:122:4,0.79
Atherina,boyeri,32.75,21.75,1302:121:4,0.78
Atherina,boyeri,32.75,21.25,1302:121:3,0.76
Atherina,boyeri,32.75,20.75,1302:120:4,0.74
Atherina,boyeri,32.75,20.25,1302:120:3,0.74
Atherina,boyeri,32.25,20.25,1302:120:1,0.74
Atherina,boyeri,31.75,20.25,1302:110:3,0.74
Atherina,boyeri,31.25,20.25,1302:110:1,0.72
Atherina,boyeri,30.75,20.25,1302:100:3,0.68
Atherina,boyeri,32.25,19.75,1301:229:2,0.75
Atherina,boyeri,32.25,15.75,1301:225:2,0.68
Atherina,boyeri,32.25,15.25,1301:225:1,0.70
Atherina,boyeri,31.75,19.75,1301:219:4,0.76
Atherina,boyeri,31.25,19.75,1301:219:2,0.74
Atherina,boyeri,31.25,17.75,1301:217:2,0.66
Atherina,boyeri,31.25,17.25,1301:217:1,0.67
Atherina,boyeri,31.25,16.75,1301:216:2,0.69
Atherina,boyeri,31.25,16.25,1301:216:1,0.70
Atherina,boyeri,31.75,15.75,1301:215:4,0.69
Atherina,boyeri,31.75,15.25,1301:215:3,0.71
Atherina,boyeri,31.25,15.75,1301:215:2,0.69
Atherina,boyeri,30.75,19.75,1301:209:4,0.69
Atherina,boyeri,30.25,19.75,1301:209:2,0.63
Atherina,boyeri,30.25,19.25,1301:209:1,0.63
Atherina,boyeri,30.75,18.75,1301:208:4,0.67
Atherina,boyeri,30.75,18.25,1301:208:3,0.66
Atherina,boyeri,30.25,18.75,1301:208:2,0.64
Atherina,boyeri,30.75,17.75,1301:207:4,0.66
Atherina,boyeri,34.25,10.25,1301:140:1,0.79
Atherina,boyeri,33.25,12.75,1301:132:2,0.73
Atherina,boyeri,33.75,11.25,1301:131:3,0.76
Atherina,boyeri,33.25,11.75,1301:131:2,0.78
Atherina,boyeri,33.25,11.25,1301:131:1,0.72
Atherina,boyeri,33.75,10.75,1301:130:4,0.75
Atherina,boyeri,33.75,10.25,1301:130:3,0.77
Atherina,boyeri,32.75,14.75,1301:124:4,0.72
Atherina,boyeri,32.75,14.25,1301:124:3,0.76
Atherina,boyeri,32.25,14.75,1301:124:2,0.73
Atherina,boyeri,32.75,13.75,1301:123:4,0.76
Atherina,boyeri,32.75,13.25,1301:123:3,0.75
Atherina,boyeri,32.75,12.75,1301:122:4,0.73
Atherina,boyeri,32.75,12.25,1301:122:3,0.72
Atherina,boyeri,47.75,-4.75,7400:374:4,0.85
Atherina,boyeri,47.75,-4.25,7400:374:3,0.87
Atherina,boyeri,47.75,-3.75,7400:373:4,0.90
Atherina,boyeri,47.75,-3.25,7400:373:3,0.85
Atherina,boyeri,47.25,-3.25,7400:373:1,1.00
Atherina,boyeri,47.75,-2.75,7400:372:4,0.80
Atherina,boyeri,47.25,-2.75,7400:372:2,0.89
Atherina,boyeri,47.25,-1.75,7400:371:2,0.93
Atherina,boyeri,46.75,-4.75,7400:364:4,0.83
Atherina,boyeri,46.25,-3.75,7400:363:2,1.00
Atherina,boyeri,46.75,-2.75,7400:362:4,1.00
Atherina,boyeri,46.75,-2.25,7400:362:3,1.00
Atherina,boyeri,46.75,-1.75,7400:361:4,1.00
Atherina,boyeri,46.25,-1.75,7400:361:2,1.00
Atherina,boyeri,46.25,-1.25,7400:361:1,1.00
Atherina,boyeri,45.75,-3.75,7400:353:4,1.00
Atherina,boyeri,45.75,-3.25,7400:353:3,1.00
Atherina,boyeri,45.25,-2.75,7400:352:2,1.00
Atherina,boyeri,45.25,-2.25,7400:352:1,1.00
Atherina,boyeri,45.75,-1.25,7400:351:3,1.00
Atherina,boyeri,45.25,-1.25,7400:351:1,1.00
Atherina,boyeri,45.75,-0.75,7400:350:4,0.80
Atherina,boyeri,45.25,-0.75,7400:350:2,1.00
Atherina,boyeri,43.25,-9.25,7400:239:1,1.00
Atherina,boyeri,43.75,-8.25,7400:238:3,1.00
Atherina,boyeri,43.25,-8.75,7400:238:2,1.00
Atherina,boyeri,43.25,-8.25,7400:238:1,1.00
Atherina,boyeri,43.75,-7.75,7400:237:4,1.00
Atherina,boyeri,43.75,-7.25,7400:237:3,1.00
Atherina,boyeri,43.75,-6.75,7400:236:4,1.00
Atherina,boyeri,43.75,-6.25,7400:236:3,1.00
Atherina,boyeri,43.75,-5.75,7400:235:4,1.00
Atherina,boyeri,43.75,-5.25,7400:235:3,1.00
Atherina,boyeri,42.75,-9.25,7400:229:3,1.00
Atherina,boyeri,42.25,-9.25,7400:229:1,1.00
Atherina,boyeri,42.25,-8.75,7400:228:2,1.00
Atherina,boyeri,41.75,-9.25,7400:219:3,1.00
Atherina,boyeri,41.75,-8.75,7400:218:4,1.00
Atherina,boyeri,41.25,-8.75,7400:218:2,0.93
Atherina,boyeri,40.75,-9.25,7400:209:3,1.00
Atherina,boyeri,40.75,-8.75,7400:208:4,1.00
Atherina,boyeri,40.25,-8.75,7400:208:2,1.00
Atherina,boyeri,44.75,-1.25,7400:141:3,1.00
Atherina,boyeri,44.25,-1.25,7400:141:1,1.00
Atherina,boyeri,43.75,-4.75,7400:134:4,1.00
Atherina,boyeri,43.25,-4.75,7400:134:2,1.00
Atherina,boyeri,43.25,-4.25,7400:134:1,1.00
Atherina,boyeri,43.75,-3.75,7400:133:4,1.00
Atherina,boyeri,43.75,-3.25,7400:133:3,1.00
Atherina,boyeri,43.25,-3.75,7400:133:2,1.00
Atherina,boyeri,43.25,-3.25,7400:133:1,1.00
Atherina,boyeri,43.75,-2.75,7400:132:4,1.00
Atherina,boyeri,43.25,-2.75,7400:132:2,1.00
Atherina,boyeri,43.25,-2.25,7400:132:1,1.00
Atherina,boyeri,43.75,-1.75,7400:131:4,1.00
Atherina,boyeri,43.75,-1.25,7400:131:3,1.00
Atherina,boyeri,43.25,-1.75,7400:131:2,1.00
Atherina,boyeri,39.75,-9.25,7300:499:3,1.00
Atherina,boyeri,39.25,-9.25,7300:499:1,1.00
Atherina,boyeri,39.75,-8.75,7300:498:4,1.00
Atherina,boyeri,38.75,-9.25,7300:489:3,1.00
Atherina,boyeri,38.25,-9.25,7300:489:1,1.00
Atherina,boyeri,38.75,-8.75,7300:488:4,1.00
Atherina,boyeri,38.25,-8.75,7300:488:2,1.00
Atherina,boyeri,37.75,-8.75,7300:478:4,1.00
Atherina,boyeri,37.25,-8.75,7300:478:2,1.00
Atherina,boyeri,37.25,-8.25,7300:478:1,1.00
Atherina,boyeri,37.25,-7.75,7300:477:2,1.00
Atherina,boyeri,37.25,-7.25,7300:477:1,1.00
Atherina,boyeri,37.25,-6.75,7300:476:2,1.00
Atherina,boyeri,36.75,-8.25,7300:468:3,1.00
Atherina,boyeri,36.75,-7.75,7300:467:4,1.00
Atherina,boyeri,36.75,-6.75,7300:466:4,1.00
Atherina,boyeri,36.75,-6.25,7300:466:3,1.00
Atherina,boyeri,36.25,-6.25,7300:466:1,1.00
Atherina,boyeri,36.25,-5.75,7300:465:2,1.00
Atherina,boyeri,36.25,-5.25,7300:465:1,1.00
Atherina,boyeri,35.75,-6.25,7300:456:3,1.00
Atherina,boyeri,35.25,-6.25,7300:456:1,1.00
Atherina,boyeri,35.75,-5.75,7300:455:4,1.00
Atherina,boyeri,35.75,-5.25,7300:455:3,1.00
Atherina,boyeri,35.25,-5.25,7300:455:1,1.00
Atherina,boyeri,39.75,-0.25,7300:390:3,1.00
Atherina,boyeri,39.25,-0.25,7300:390:1,1.00
Atherina,boyeri,38.75,-0.25,7300:380:3,1.00
Atherina,boyeri,38.25,-0.75,7300:380:2,1.00
Atherina,boyeri,38.25,-0.25,7300:380:1,1.00
Atherina,boyeri,37.75,-1.25,7300:371:3,1.00
Atherina,boyeri,37.25,-1.75,7300:371:2,1.00
Atherina,boyeri,37.25,-1.25,7300:371:1,1.00
Atherina,boyeri,37.75,-0.75,7300:370:4,1.00
Atherina,boyeri,36.75,-4.75,7300:364:4,1.00
Atherina,boyeri,36.75,-4.25,7300:364:3,1.00
Atherina,boyeri,36.25,-4.75,7300:364:2,1.00
Atherina,boyeri,36.75,-3.75,7300:363:4,1.00
Atherina,boyeri,36.75,-3.25,7300:363:3,1.00
Atherina,boyeri,36.75,-2.75,7300:362:4,1.00
Atherina,boyeri,36.75,-2.25,7300:362:3,1.00
Atherina,boyeri,36.75,-1.75,7300:361:4,1.00
Atherina,boyeri,35.25,-4.75,7300:354:2,1.00
Atherina,boyeri,35.25,-4.25,7300:354:1,1.00
Atherina,boyeri,35.25,-3.75,7300:353:2,1.00
Atherina,boyeri,35.25,-3.25,7300:353:1,1.00
Atherina,boyeri,35.75,-2.75,7300:352:4,1.00
Atherina,boyeri,35.25,-2.75,7300:352:2,1.00
Atherina,boyeri,35.25,-2.25,7300:352:1,1.00
Atherina,boyeri,35.75,-1.25,7300:351:3,1.00
Atherina,boyeri,35.25,-1.75,7300:351:2,1.00
Atherina,boyeri,35.25,-1.25,7300:351:1,1.00
Atherina,boyeri,35.75,-0.75,7300:350:4,1.00
Atherina,boyeri,35.75,-0.25,7300:350:3,1.00
Atherina,boyeri,34.75,-6.75,7300:246:4,1.00
Atherina,boyeri,34.75,-6.25,7300:246:3,1.00
Atherina,boyeri,34.25,-6.75,7300:246:2,1.00
Atherina,boyeri,33.25,-8.75,7300:238:2,1.00
Atherina,boyeri,33.25,-8.25,7300:238:1,1.00
Atherina,boyeri,33.75,-7.75,7300:237:4,1.00
Atherina,boyeri,33.75,-7.25,7300:237:3,1.00
Atherina,boyeri,33.75,-6.75,7300:236:4,1.00
Atherina,boyeri,32.75,-9.25,7300:229:3,1.00
Atherina,boyeri,32.25,-9.25,7300:229:1,1.00
Atherina,boyeri,32.75,-8.75,7300:228:4,1.00
Atherina,boyeri,31.75,-9.75,7300:219:4,1.00
Atherina,boyeri,31.75,-9.25,7300:219:3,1.00
Atherina,boyeri,31.25,-9.75,7300:219:2,1.00
Atherina,boyeri,30.75,-9.75,7300:209:4,1.00
Atherina,boyeri,30.25,-9.75,7300:209:2,1.00
Atherina,boyeri,27.75,-15.25,7201:475:3,0.82
Atherina,boyeri,25.25,-15.75,7201:455:2,1.00
Atherina,boyeri,25.25,-15.25,7201:455:1,0.95
Atherina,boyeri,29.25,-13.25,7201:393:1,1.00
Atherina,boyeri,29.25,-11.25,7201:391:1,1.00
Atherina,boyeri,29.75,-10.25,7201:390:3,1.00
Atherina,boyeri,29.25,-10.75,7201:390:2,1.00
Atherina,boyeri,29.25,-10.25,7201:390:1,1.00
Atherina,boyeri,28.25,-14.25,7201:384:1,1.00
Atherina,boyeri,28.75,-13.75,7201:383:4,1.00
Atherina,boyeri,28.25,-13.75,7201:383:2,1.00
Atherina,boyeri,28.75,-12.25,7201:382:3,1.00
Atherina,boyeri,28.25,-12.75,7201:382:2,1.00
Atherina,boyeri,28.25,-12.25,7201:382:1,1.00
Atherina,boyeri,28.75,-11.75,7201:381:4,1.00
Atherina,boyeri,28.75,-11.25,7201:381:3,1.00
Atherina,boyeri,28.25,-11.75,7201:381:2,1.00
Atherina,boyeri,28.25,-11.25,7201:381:1,1.00
Atherina,boyeri,28.75,-10.75,7201:380:4,1.00
Atherina,boyeri,27.75,-13.25,7201:373:3,1.00
Atherina,boyeri,27.25,-13.25,7201:373:1,1.00
Atherina,boyeri,27.75,-12.75,7201:372:4,1.00
Atherina,boyeri,26.75,-14.25,7201:364:3,1.00
Atherina,boyeri,26.25,-14.75,7201:364:2,1.00
Atherina,boyeri,26.25,-14.25,7201:364:1,1.00
Atherina,boyeri,26.75,-13.75,7201:363:4,1.00
Atherina,boyeri,26.75,-13.25,7201:363:3,1.00
Atherina,boyeri,25.75,-14.75,7201:354:4,1.00
Atherina,boyeri,25.25,-14.75,7201:354:2,0.96
Atherina,boyeri,24.75,-16.25,7201:246:3,1.00
Atherina,boyeri,24.25,-16.25,7201:246:1,1.00
Atherina,boyeri,24.75,-15.75,7201:245:4,0.94
Atherina,boyeri,24.75,-15.25,7201:245:3,0.84
Atherina,boyeri,24.25,-15.75,7201:245:2,0.96
Atherina,boyeri,24.25,-15.25,7201:245:1,0.91
Atherina,boyeri,23.75,-16.25,7201:236:3,1.00
Atherina,boyeri,23.25,-16.75,7201:236:2,0.99
Atherina,boyeri,23.25,-16.25,7201:236:1,1.00
Atherina,boyeri,23.75,-15.75,7201:235:4,0.93
Atherina,boyeri,23.25,-15.75,7201:235:2,0.92
Atherina,boyeri,22.75,-16.25,7201:226:3,0.90
Atherina,boyeri,22.25,-16.25,7201:226:1,0.81
Atherina,boyeri,24.75,-14.75,7201:144:4,0.96
Atherina,boyeri,29.75,-9.75,7200:499:4,1.00
Atherina,boyeri,41.25,25.25,1402:215:1,0.91
Atherina,boyeri,40.25,27.75,1402:207:2,0.80
Atherina,boyeri,40.25,27.25,1402:207:1,0.86
Atherina,boyeri,40.75,26.25,1402:206:3,0.84
Atherina,boyeri,40.25,26.75,1402:206:2,0.89
Atherina,boyeri,40.25,26.25,1402:206:1,0.90
Atherina,boyeri,40.75,25.75,1402:205:4,0.93
Atherina,boyeri,40.75,25.25,1402:205:3,1.00
Atherina,boyeri,40.25,25.75,1402:205:2,0.96
Atherina,boyeri,40.25,25.25,1402:205:1,1.00
Atherina,boyeri,40.75,24.75,1402:104:4,1.00
Atherina,boyeri,40.75,24.25,1402:104:3,1.00
Atherina,boyeri,40.25,24.25,1402:104:1,1.00
Atherina,boyeri,40.75,23.75,1402:103:4,1.00
Atherina,boyeri,40.25,23.75,1402:103:2,1.00
Atherina,boyeri,40.25,23.25,1402:103:1,1.00
Atherina,boyeri,40.75,22.75,1402:102:4,1.00
Atherina,boyeri,40.25,22.75,1402:102:2,1.00
Atherina,boyeri,45.25,14.75,1401:354:2,1.00
Atherina,boyeri,45.25,14.25,1401:354:1,1.00
Atherina,boyeri,45.75,13.75,1401:353:4,1.00
Atherina,boyeri,45.75,13.25,1401:353:3,1.00
Atherina,boyeri,45.25,13.75,1401:353:2,1.00
Atherina,boyeri,45.25,13.25,1401:353:1,1.00
Atherina,boyeri,44.25,15.25,1401:245:1,1.00
Atherina,boyeri,43.25,17.75,1401:237:2,1.00
Atherina,boyeri,43.25,17.25,1401:237:1,1.00
Atherina,boyeri,43.75,16.25,1401:236:3,1.00
Atherina,boyeri,43.25,16.75,1401:236:2,1.00
Atherina,boyeri,43.25,16.25,1401:236:1,1.00
Atherina,boyeri,43.75,15.75,1401:235:4,1.00
Atherina,boyeri,43.75,15.25,1401:235:3,1.00
Atherina,boyeri,43.25,15.75,1401:235:2,1.00
Atherina,boyeri,43.25,15.25,1401:235:1,1.00
Atherina,boyeri,42.25,19.25,1401:229:1,1.00
Atherina,boyeri,42.75,18.25,1401:228:3,1.00
Atherina,boyeri,42.25,18.75,1401:228:2,1.00
Atherina,boyeri,42.25,18.25,1401:228:1,1.00
Atherina,boyeri,42.75,17.75,1401:227:4,1.00
Atherina,boyeri,42.75,17.25,1401:227:3,1.00
Atherina,boyeri,42.75,16.75,1401:226:4,1.00
Atherina,boyeri,42.75,16.25,1401:226:3,1.00
Atherina,boyeri,42.25,16.25,1401:226:1,1.00
Atherina,boyeri,42.75,15.75,1401:225:4,1.00
Atherina,boyeri,42.75,15.25,1401:225:3,1.00
Atherina,boyeri,42.25,15.75,1401:225:2,1.00
Atherina,boyeri,42.25,15.25,1401:225:1,1.00
Atherina,boyeri,41.75,19.75,1401:219:4,1.00
Atherina,boyeri,41.75,19.25,1401:219:3,1.00
Atherina,boyeri,41.25,19.75,1401:219:2,1.00
Atherina,boyeri,41.25,19.25,1401:219:1,1.00
Atherina,boyeri,41.25,17.25,1401:217:1,1.00
Atherina,boyeri,41.75,16.25,1401:216:3,1.00
Atherina,boyeri,41.25,16.75,1401:216:2,1.00
Atherina,boyeri,41.25,16.25,1401:216:1,1.00
Atherina,boyeri,41.75,15.75,1401:215:4,1.00
Atherina,boyeri,41.75,15.25,1401:215:3,1.00
Atherina,boyeri,40.75,19.25,1401:209:3,1.00
Atherina,boyeri,40.25,19.75,1401:209:2,1.00
Atherina,boyeri,40.25,19.25,1401:209:1,1.00
Atherina,boyeri,40.75,18.25,1401:208:3,1.00
Atherina,boyeri,40.25,18.75,1401:208:2,1.00
Atherina,boyeri,40.25,18.25,1401:208:1,1.00
Atherina,boyeri,40.75,17.75,1401:207:4,1.00
Atherina,boyeri,40.75,17.25,1401:207:3,1.00
Atherina,boyeri,40.25,17.75,1401:207:2,0.97
Atherina,boyeri,40.25,17.25,1401:207:1,1.00
Atherina,boyeri,40.25,16.75,1401:206:2,1.00
Atherina,boyeri,40.25,15.75,1401:205:2,1.00
Atherina,boyeri,40.25,15.25,1401:205:1,1.00
Atherina,boyeri,44.75,14.75,1401:144:4,1.00
Atherina,boyeri,44.75,14.25,1401:144:3,1.00
Atherina,boyeri,44.25,14.75,1401:144:2,1.00
Atherina,boyeri,44.25,14.25,1401:144:1,1.00
Atherina,boyeri,44.75,13.75,1401:143:4,1.00
Atherina,boyeri,44.25,13.25,1401:143:1,1.00
Atherina,boyeri,44.25,12.75,1401:142:2,1.00
Atherina,boyeri,44.25,10.25,1401:140:1,1.00
Atherina,boyeri,43.75,14.75,1401:134:4,1.00
Atherina,boyeri,43.25,14.25,1401:134:1,1.00
Atherina,boyeri,43.75,13.75,1401:133:4,1.00
Atherina,boyeri,43.75,13.25,1401:133:3,1.00
Atherina,boyeri,43.25,13.75,1401:133:2,1.00
Atherina,boyeri,43.75,12.75,1401:132:4,1.00
Atherina,boyeri,43.75,10.25,1401:130:3,1.00
Atherina,boyeri,43.25,10.75,1401:130:2,1.00
Atherina,boyeri,43.25,10.25,1401:130:1,1.00
Atherina,boyeri,42.75,14.25,1401:124:3,1.00
Atherina,boyeri,42.25,14.75,1401:124:2,1.00
Atherina,boyeri,42.25,14.25,1401:124:1,1.00
Atherina,boyeri,42.75,13.75,1401:123:4,1.00
Atherina,boyeri,42.75,11.25,1401:121:3,1.00
Atherina,boyeri,42.25,11.75,1401:121:2,1.00
Atherina,boyeri,42.25,11.25,1401:121:1,1.00
Atherina,boyeri,42.75,10.75,1401:120:4,1.00
Atherina,boyeri,42.75,10.25,1401:120:3,0.80
Atherina,boyeri,42.25,10.75,1401:120:2,0.80
Atherina,boyeri,41.25,13.75,1401:113:2,1.00
Atherina,boyeri,41.25,13.25,1401:113:1,1.00
Atherina,boyeri,41.75,12.75,1401:112:4,1.00
Atherina,boyeri,41.75,12.25,1401:112:3,1.00
Atherina,boyeri,41.25,12.75,1401:112:2,1.00
Atherina,boyeri,40.75,14.75,1401:104:4,1.00
Atherina,boyeri,40.75,14.25,1401:104:3,1.00
Atherina,boyeri,40.25,14.75,1401:104:2,0.97
Atherina,boyeri,40.75,13.75,1401:103:4,1.00
Atherina,boyeri,40.75,13.25,1401:103:3,0.89
Atherina,boyeri,40.75,12.75,1401:102:4,0.84
Atherina,boyeri,44.25,9.75,1400:249:2,1.00
Atherina,boyeri,44.25,9.25,1400:249:1,0.82
Atherina,boyeri,44.25,8.75,1400:248:2,0.81
Atherina,boyeri,44.25,8.25,1400:248:1,1.00
Atherina,boyeri,43.75,9.75,1400:239:4,0.92
Atherina,boyeri,43.25,9.75,1400:239:2,0.84
Atherina,boyeri,43.25,9.25,1400:239:1,0.82
Atherina,boyeri,43.75,8.25,1400:238:3,1.00
Atherina,boyeri,43.75,7.75,1400:237:4,1.00
Atherina,boyeri,43.75,7.25,1400:237:3,1.00
Atherina,boyeri,43.75,6.75,1400:236:4,1.00
Atherina,boyeri,43.25,6.75,1400:236:2,0.85
Atherina,boyeri,43.25,6.25,1400:236:1,1.00
Atherina,boyeri,43.25,5.75,1400:235:2,1.00
Atherina,boyeri,43.25,5.25,1400:235:1,1.00
Atherina,boyeri,42.75,9.75,1400:229:4,1.00
Atherina,boyeri,42.75,9.25,1400:229:3,1.00
Atherina,boyeri,42.25,9.75,1400:229:2,0.82
Atherina,boyeri,42.25,9.25,1400:229:1,0.94
Atherina,boyeri,42.75,8.75,1400:228:4,0.98
Atherina,boyeri,42.25,8.75,1400:228:2,0.94
Atherina,boyeri,41.75,9.25,1400:219:3,0.90
Atherina,boyeri,41.25,9.75,1400:219:2,0.90
Atherina,boyeri,41.25,9.25,1400:219:1,1.00
Atherina,boyeri,41.75,8.75,1400:218:4,0.91
Atherina,boyeri,41.25,8.75,1400:218:2,1.00
Atherina,boyeri,41.25,8.25,1400:218:1,0.88
Atherina,boyeri,40.75,9.75,1400:209:4,0.90
Atherina,boyeri,40.25,9.75,1400:209:2,0.86
Atherina,boyeri,40.75,8.75,1400:208:4,1.00
Atherina,boyeri,40.75,8.25,1400:208:3,1.00
Atherina,boyeri,40.25,8.75,1400:208:2,1.00
Atherina,boyeri,40.25,8.25,1400:208:1,1.00
Atherina,boyeri,43.75,4.25,1400:134:3,1.00
Atherina,boyeri,43.25,4.75,1400:134:2,0.81
Atherina,boyeri,43.25,4.25,1400:134:1,1.00
Atherina,boyeri,43.75,3.75,1400:133:4,1.00
Atherina,boyeri,43.25,3.75,1400:133:2,1.00
Atherina,boyeri,43.25,3.25,1400:133:1,1.00
Atherina,boyeri,42.75,3.25,1400:123:3,1.00
Atherina,boyeri,42.25,3.25,1400:123:1,1.00
Atherina,boyeri,41.75,3.25,1400:113:3,1.00
Atherina,boyeri,41.75,2.75,1400:112:4,1.00
Atherina,boyeri,41.75,2.25,1400:112:3,1.00
Atherina,boyeri,41.25,2.25,1400:112:1,1.00
Atherina,boyeri,41.25,1.75,1400:111:2,1.00
Atherina,boyeri,41.25,1.25,1400:111:1,1.00
Atherina,boyeri,41.25,0.75,1400:110:2,1.00
Atherina,boyeri,40.25,4.25,1400:104:1,1.00
Atherina,boyeri,40.25,3.75,1400:103:2,1.00
Atherina,boyeri,40.75,0.75,1400:100:4,1.00
Atherina,boyeri,40.25,0.75,1400:100:2,1.00
Atherina,boyeri,40.25,0.25,1400:100:1,1.00
Atherina,boyeri,39.75,26.75,1302:496:4,1.00
Atherina,boyeri,39.75,26.25,1302:496:3,1.00
Atherina,boyeri,39.25,26.75,1302:496:2,1.00
Atherina,boyeri,39.25,26.25,1302:496:1,1.00
Atherina,boyeri,39.75,25.75,1302:495:4,1.00
Atherina,boyeri,39.75,25.25,1302:495:3,1.00
Atherina,boyeri,39.25,25.75,1302:495:2,1.00
Atherina,boyeri,38.75,27.25,1302:487:3,1.00
Atherina,boyeri,38.25,27.25,1302:487:1,1.00
Atherina,boyeri,38.75,26.75,1302:486:4,1.00
Atherina,boyeri,38.75,26.25,1302:486:3,1.00
Atherina,boyeri,38.25,26.75,1302:486:2,0.89
Atherina,boyeri,38.25,26.25,1302:486:1,1.00
Atherina,boyeri,38.75,25.75,1302:485:4,1.00
Atherina,boyeri,38.25,25.75,1302:485:2,1.00
Atherina,boyeri,37.25,28.25,1302:478:1,0.95
Atherina,boyeri,37.75,27.25,1302:477:3,1.00
Atherina,boyeri,37.75,25.75,1302:475:4,1.00
Atherina,boyeri,37.75,25.25,1302:475:3,1.00
Atherina,boyeri,37.25,25.75,1302:475:2,0.97
Atherina,boyeri,37.25,25.25,1302:475:1,1.00
Atherina,boyeri,36.75,25.75,1302:465:4,0.84
Atherina,boyeri,36.75,25.25,1302:465:3,1.00
Atherina,boyeri,36.25,25.75,1302:465:2,0.82
Atherina,boyeri,36.25,25.25,1302:465:1,0.99
Atherina,boyeri,39.75,24.25,1302:394:3,0.96
Atherina,boyeri,39.25,24.75,1302:394:2,1.00
Atherina,boyeri,39.25,24.25,1302:394:1,0.99
Atherina,boyeri,39.75,23.75,1302:393:4,1.00
Atherina,boyeri,39.75,23.25,1302:393:3,1.00
Atherina,boyeri,39.25,23.75,1302:393:2,1.00
Atherina,boyeri,39.25,23.25,1302:393:1,1.00
Atherina,boyeri,39.75,22.75,1302:392:4,1.00
Atherina,boyeri,39.25,22.75,1302:392:2,1.00
Atherina,boyeri,39.25,21.25,1302:391:1,1.00
Atherina,boyeri,39.75,20.25,1302:390:3,1.00
Atherina,boyeri,39.25,20.75,1302:390:2,1.00
Atherina,boyeri,39.25,20.25,1302:390:1,1.00
Atherina,boyeri,38.75,24.75,1302:384:4,1.00
Atherina,boyeri,38.75,24.25,1302:384:3,0.99
Atherina,boyeri,38.25,24.75,1302:384:2,1.00
Atherina,boyeri,38.25,24.25,1302:384:1,1.00
Atherina,boyeri,38.75,23.75,1302:383:4,1.00
Atherina,boyeri,38.75,23.25,1302:383:3,1.00
Atherina,boyeri,38.25,23.75,1302:383:2,1.00
Atherina,boyeri,38.25,23.25,1302:383:1,1.00
Atherina,boyeri,38.75,22.75,1302:382:4,1.00
Atherina,boyeri,38.25,22.75,1302:382:2,1.00
Atherina,boyeri,38.25,22.25,1302:382:1,1.00
Atherina,boyeri,38.75,21.25,1302:381:3,1.00
Atherina,boyeri,38.25,21.75,1302:381:2,1.00
Atherina,boyeri,38.25,21.25,1302:381:1,1.00
Atherina,boyeri,38.75,20.75,1302:380:4,1.00
Atherina,boyeri,38.25,20.75,1302:380:2,1.00
Atherina,boyeri,38.25,20.25,1302:380:1,0.98
Atherina,boyeri,37.75,24.75,1302:374:4,1.00
Atherina,boyeri,37.75,24.25,1302:374:3,1.00
Atherina,boyeri,37.25,24.75,1302:374:2,1.00
Atherina,boyeri,37.25,24.25,1302:374:1,1.00
Atherina,boyeri,37.75,23.75,1302:373:4,1.00
Atherina,boyeri,37.75,23.25,1302:373:3,1.00
Atherina,boyeri,37.25,23.75,1302:373:2,1.00
Atherina,boyeri,37.25,23.25,1302:373:1,1.00
Atherina,boyeri,37.75,22.75,1302:372:4,1.00
Atherina,boyeri,37.25,22.75,1302:372:2,1.00
Atherina,boyeri,37.25,22.25,1302:372:1,1.00
Atherina,boyeri,37.75,21.75,1302:371:4,1.00
Atherina,boyeri,37.75,21.25,1302:371:3,1.00
Atherina,boyeri,37.25,21.75,1302:371:2,1.00
Atherina,boyeri,37.25,21.25,1302:371:1,1.00
Atherina,boyeri,37.75,20.75,1302:370:4,1.00
Atherina,boyeri,36.75,24.75,1302:364:4,1.00
Atherina,boyeri,36.75,24.25,1302:364:3,1.00
Atherina,boyeri,36.75,23.75,1302:363:4,1.00
Atherina,boyeri,36.75,23.25,1302:363:3,1.00
Atherina,boyeri,36.25,23.25,1302:363:1,1.00
Atherina,boyeri,36.75,22.75,1302:362:4,1.00
Atherina,boyeri,36.75,22.25,1302:362:3,1.00
Atherina,boyeri,36.25,22.75,1302:362:2,1.00
Atherina,boyeri,36.25,22.25,1302:362:1,1.00
Atherina,boyeri,36.75,21.75,1302:361:4,1.00
Atherina,boyeri,35.75,24.25,1302:354:3,1.00
Atherina,boyeri,35.25,24.75,1302:354:2,0.85
Atherina,boyeri,35.75,23.75,1302:353:4,1.00
Atherina,boyeri,35.75,23.25,1302:353:3,1.00
Atherina,boyeri,32.75,22.25,1302:122:3,0.80
Atherina,boyeri,39.75,19.75,1301:499:4,1.00
Atherina,boyeri,39.75,19.25,1301:499:3,1.00
Atherina,boyeri,39.25,19.75,1301:499:2,1.00
Atherina,boyeri,39.75,18.25,1301:498:3,1.00
Atherina,boyeri,39.75,17.25,1301:497:3,1.00
Atherina,boyeri,39.25,17.25,1301:497:1,1.00
Atherina,boyeri,39.75,16.75,1301:496:4,1.00
Atherina,boyeri,39.25,16.25,1301:496:1,1.00
Atherina,boyeri,39.75,15.75,1301:495:4,0.85
Atherina,boyeri,39.75,15.25,1301:495:3,0.85
Atherina,boyeri,38.75,17.25,1301:487:3,1.00
Atherina,boyeri,38.75,16.75,1301:486:4,1.00
Atherina,boyeri,38.75,16.25,1301:486:3,1.00
Atherina,boyeri,38.25,16.75,1301:486:2,1.00
Atherina,boyeri,38.25,16.25,1301:486:1,1.00
Atherina,boyeri,38.75,15.75,1301:485:4,1.00
Atherina,boyeri,38.75,15.25,1301:485:3,0.92
Atherina,boyeri,38.25,15.75,1301:485:2,1.00
Atherina,boyeri,38.25,15.25,1301:485:1,1.00
Atherina,boyeri,37.75,16.25,1301:476:3,1.00
Atherina,boyeri,37.75,15.75,1301:475:4,1.00
Atherina,boyeri,37.75,15.25,1301:475:3,1.00
Atherina,boyeri,37.25,15.25,1301:475:1,1.00
Atherina,boyeri,36.75,15.25,1301:465:3,1.00
Atherina,boyeri,38.75,14.75,1301:384:4,0.91
Atherina,boyeri,38.75,14.25,1301:384:3,0.92
Atherina,boyeri,38.25,14.75,1301:384:2,0.98
Atherina,boyeri,38.25,14.25,1301:384:1,1.00
Atherina,boyeri,38.25,13.75,1301:383:2,0.95
Atherina,boyeri,38.25,13.25,1301:383:1,0.97
Atherina,boyeri,38.25,12.75,1301:382:2,1.00
Atherina,boyeri,38.25,12.25,1301:382:1,0.96
Atherina,boyeri,37.25,14.25,1301:374:1,1.00
Atherina,boyeri,37.75,13.25,1301:373:3,1.00
Atherina,boyeri,37.25,13.75,1301:373:2,1.00
Atherina,boyeri,37.25,13.25,1301:373:1,1.00
Atherina,boyeri,37.75,12.75,1301:372:4,0.99
Atherina,boyeri,37.75,12.25,1301:372:3,0.94
Atherina,boyeri,37.25,11.25,1301:371:1,0.91
Atherina,boyeri,37.25,10.75,1301:370:2,1.00
Atherina,boyeri,37.25,10.25,1301:370:1,1.00
Atherina,boyeri,36.75,14.75,1301:364:4,1.00
Atherina,boyeri,36.75,14.25,1301:364:3,1.00
Atherina,boyeri,36.25,14.25,1301:364:1,1.00
Atherina,boyeri,36.75,12.25,1301:362:3,0.96
Atherina,boyeri,36.75,11.75,1301:361:4,0.93
Atherina,boyeri,36.75,11.25,1301:361:3,0.93
Atherina,boyeri,36.25,11.25,1301:361:1,0.93
Atherina,boyeri,36.75,10.75,1301:360:4,1.00
Atherina,boyeri,36.75,10.25,1301:360:3,1.00
Atherina,boyeri,36.25,10.75,1301:360:2,1.00
Atherina,boyeri,35.75,14.75,1301:354:4,1.00
Atherina,boyeri,35.75,14.25,1301:354:3,0.99
Atherina,boyeri,35.75,12.75,1301:352:4,0.96
Atherina,boyeri,35.75,12.25,1301:352:3,0.95
Atherina,boyeri,35.25,12.75,1301:352:2,0.96
Atherina,boyeri,35.25,12.25,1301:352:1,0.98
Atherina,boyeri,35.75,11.75,1301:351:4,0.95
Atherina,boyeri,35.75,11.25,1301:351:3,1.00
Atherina,boyeri,35.25,11.75,1301:351:2,0.96
Atherina,boyeri,35.25,11.25,1301:351:1,0.92
Atherina,boyeri,35.75,10.75,1301:350:4,1.00
Atherina,boyeri,34.75,12.25,1301:142:3,0.91
Atherina,boyeri,34.75,11.75,1301:141:4,0.90
Atherina,boyeri,34.75,11.25,1301:141:3,0.86
Atherina,boyeri,34.25,11.25,1301:141:1,0.83
Atherina,boyeri,34.75,10.75,1301:140:4,0.82
Atherina,boyeri,34.25,10.75,1301:140:2,0.80
Atherina,boyeri,33.25,12.25,1301:132:1,0.80
Atherina,boyeri,33.75,11.75,1301:131:4,0.81
Atherina,boyeri,39.75,9.75,1300:499:4,1.00
Atherina,boyeri,39.25,9.75,1300:499:2,1.00
Atherina,boyeri,39.25,9.25,1300:499:1,1.00
Atherina,boyeri,39.75,8.75,1300:498:4,1.00
Atherina,boyeri,39.75,8.25,1300:498:3,1.00
Atherina,boyeri,39.25,8.75,1300:498:2,1.00
Atherina,boyeri,39.25,8.25,1300:498:1,0.97
Atherina,boyeri,38.75,9.25,1300:489:3,0.91
Atherina,boyeri,38.75,8.75,1300:488:4,0.98
Atherina,boyeri,38.75,8.25,1300:488:3,0.88
Atherina,boyeri,37.75,9.25,1300:479:3,0.88
Atherina,boyeri,37.25,9.75,1300:479:2,1.00
Atherina,boyeri,37.25,9.25,1300:479:1,1.00
Atherina,boyeri,37.75,8.75,1300:478:4,0.90
Atherina,boyeri,37.25,8.75,1300:478:2,1.00
Atherina,boyeri,37.25,8.25,1300:478:1,1.00
Atherina,boyeri,37.25,7.75,1300:477:2,1.00
Atherina,boyeri,37.25,7.25,1300:477:1,1.00
Atherina,boyeri,37.25,6.75,1300:476:2,1.00
Atherina,boyeri,37.25,6.25,1300:476:1,1.00
Atherina,boyeri,36.75,8.75,1300:468:4,1.00
Atherina,boyeri,36.75,8.25,1300:468:3,1.00
Atherina,boyeri,36.75,7.75,1300:467:4,1.00
Atherina,boyeri,36.75,7.25,1300:467:3,1.00
Atherina,boyeri,36.75,6.75,1300:466:4,1.00
Atherina,boyeri,36.75,6.25,1300:466:3,1.00
Atherina,boyeri,36.75,5.75,1300:465:4,1.00
Atherina,boyeri,36.75,5.25,1300:465:3,1.00
Atherina,boyeri,39.75,4.25,1300:394:3,1.00
Atherina,boyeri,39.75,3.75,1300:393:4,0.95
Atherina,boyeri,39.75,3.25,1300:393:3,0.92
Atherina,boyeri,39.25,3.25,1300:393:1,0.93
Atherina,boyeri,39.75,2.75,1300:392:4,0.99
Atherina,boyeri,39.75,2.25,1300:392:3,1.00
Atherina,boyeri,39.25,2.75,1300:392:2,0.95
Atherina,boyeri,39.25,1.75,1300:391:2,0.99
Atherina,boyeri,39.25,1.25,1300:391:1,1.00
Atherina,boyeri,39.75,0.75,1300:390:4,1.00
Atherina,boyeri,39.75,0.25,1300:390:3,1.00
Atherina,boyeri,39.25,0.25,1300:390:1,0.96
Atherina,boyeri,38.75,1.75,1300:381:4,0.94
Atherina,boyeri,38.75,1.25,1300:381:3,1.00
Atherina,boyeri,38.75,0.25,1300:380:3,1.00
Atherina,boyeri,36.75,4.75,1300:364:4,1.00
Atherina,boyeri,36.75,4.25,1300:364:3,1.00
Atherina,boyeri,36.75,3.75,1300:363:4,1.00
Atherina,boyeri,36.75,3.25,1300:363:3,1.00
Atherina,boyeri,36.75,2.75,1300:362:4,1.00
Atherina,boyeri,36.75,2.25,1300:362:3,1.00
Atherina,boyeri,36.75,1.75,1300:361:4,1.00
Atherina,boyeri,36.75,1.25,1300:361:3,1.00
Atherina,boyeri,36.25,0.75,1300:360:2,1.00
Atherina,boyeri,36.25,0.25,1300:360:1,1.00
Atherina,boyeri,35.75,0.25,1300:350:3,1.00
